"","SYMBOL","baseMean","log2FoldChange","lfcSE","stat","pvalue","padj","sig"
"1","MUC4",486.155919515127,3.91456412375411,0.303491053682577,12.8984498101495,4.59242564594579e-38,9.87050044083129e-34,"up"
"2","HLA-DRA",1482.70928081996,2.63675245490113,0.225279391382026,11.7043660262281,1.21060655614962e-31,1.30097833556619e-27,"up"
"3","MAGEA4",246.221348212805,4.110600483096,0.356852087592571,11.5190596496922,1.05758853892449e-30,7.57691682236799e-27,"up"
"4","MAP7D2",87.181893973528,-2.81681609158239,0.247157361419248,-11.3968529013557,4.33508003807432e-30,2.32934688145829e-26,"down"
"5","HLA-DPB1",236.751515551905,2.79085991349221,0.27982216858684,9.97369124678948,1.98703705218346e-23,8.54147747251582e-20,"up"
"6","CYP4X1",177.713479841958,1.76971743681201,0.180598661729586,9.7991724847986,1.13511744660384e-22,3.48529703997946e-19,"up"
"7","HLA-DMA",344.846709799072,2.19767555519574,0.225720892837298,9.7362522696552,2.11200113490924e-22,5.67415504907554e-19,"up"
"8","HLA-DPA1",448.591701391056,2.62844252437161,0.277555713365223,9.46996367865418,2.79941018120392e-21,6.68530255829065e-18,"up"
"9","SLPI",5829.33668950149,2.44948465755396,0.260871254904257,9.3896303694056,6.02111847998905e-21,1.29411899490405e-17,"up"
"10","PSCA",1020.63309998157,2.734093629516,0.292853411790165,9.33604841003192,9.99966383675036e-21,1.95384340766614e-17,"up"
"11","WFDC2",884.752314414608,1.82241712393072,0.195583508638595,9.31784656393619,1.18725401846513e-20,2.12647088490592e-17,"up"
"12","ACTG2",234.396047750607,2.86364470112644,0.311187932705375,9.20229996141162,3.50368682056603e-20,5.7926723718789e-17,"up"
"13","KRT75",940.811874149976,3.29466446794146,0.361138370863919,9.1229975370934,7.30746323724122e-20,1.12185219541447e-16,"up"
"14","FMO3",771.588274216933,3.75554974695786,0.421090134596992,8.91863626905473,4.72065027024422e-19,6.76406241722394e-16,"up"
"15","PI3",22206.9215951499,2.18734999653706,0.245498332901923,8.90983645665288,5.11078962782637e-19,6.8653875919295e-16,"up"
"16","C1R",152.530482394482,1.75042862991971,0.201532456638667,8.68559168639571,3.76775999100559e-18,4.64050552185036e-15,"up"
"17","DDIT4L",108.042391324587,2.26594517668937,0.263877909094552,8.58709690577939,8.91944002320165e-18,1.00897644430881e-14,"up"
"18","WNT11",187.538585345736,2.40365085049776,0.283822130768094,8.46886338282668,2.47799104132441e-17,2.66297307255928e-14,"up"
"19","HLA-DRB5",95.5910562280031,2.32532232742194,0.277564515324963,8.37759223184397,5.40214288196644e-17,5.49648609959786e-14,"up"
"20","HLA-DRB1",424.195572062252,2.50272962867127,0.298911637936689,8.37280758269225,5.62614312525719e-17,5.49648609959786e-14,"up"
"21","CD74",2840.22072196911,3.25181788389237,0.389093760296567,8.35741462781064,6.41076673177171e-17,5.9907221463465e-14,"up"
"22","PLXDC1",114.614953783995,2.88027108512506,0.349126488075008,8.24993572102226,1.5847974601107e-16,1.41925215875663e-13,"up"
"23","BAALC",742.229271618549,2.39908976837107,0.290989227052807,8.24459995536433,1.65713683805477e-16,1.42094761212583e-13,"up"
"24","VSIG2",79.2208186987532,2.67577438962117,0.324783216181155,8.23864736941545,1.74168441202742e-16,1.42094761212583e-13,"up"
"25","MUC20",245.594013370533,3.2814974866446,0.400922907299354,8.18485905120516,2.72622540965227e-16,1.96274184851946e-13,"up"
"26","KRT1",1458.07930548617,3.53427089054208,0.43169767198896,8.18691209118325,2.68013789661446e-16,1.96274184851946e-13,"up"
"27","LOXL1",290.188341912546,2.16186598893441,0.264148921774082,8.18426959464703,2.73960151935903e-16,1.96274184851946e-13,"up"
"28","KRT10",10541.6720475438,2.06759081735655,0.255142477793982,8.10367146714804,5.33249827995074e-16,3.58160579784317e-13,"up"
"29","UNC119B",887.928532305932,-1.53885808152134,0.190288055897307,-8.08699250336456,6.11560292815859e-16,3.98311071923978e-13,"down"
"30","LYPD2",189.854760471629,3.16075867101166,0.393119884279212,8.04019027632481,8.96990768530748e-16,5.6703007611857e-13,"up"
"31","PRR15L",125.319977614884,2.39132541189815,0.304249084620525,7.859762059369,3.84863833832138e-15,2.29774399459837e-12,"up"
"32","SMIM22",114.757012075456,2.38804642616812,0.305272154326569,7.82268016365971,5.17103688713374e-15,2.92476567934646e-12,"up"
"33","UPK2",443.349074378112,1.67578546460457,0.21504034190314,7.79288876577115,6.54942756469213e-15,3.60940632430585e-12,"up"
"34","DSG1",1684.6482433796,2.31474139280551,0.29974339513223,7.72241000267704,1.14150514953342e-14,5.84151670926708e-12,"up"
"35","SLC34A2",313.957490130948,2.16808554668736,0.280919488929596,7.7178182081583,1.18337815843345e-14,5.91496436260699e-12,"up"
"36","SAA1",753.012003749434,2.50688984315131,0.327677647920212,7.6504755788583,2.00237365254963e-14,9.78114020778393e-12,"up"
"37","COL1A1",12665.8430791435,2.4275879244099,0.318164369890577,7.62998045709767,2.34789301606574e-14,1.12140587987336e-11,"up"
"38","SECTM1",230.225072329503,2.52455079377664,0.331981565523463,7.60449089935451,2.86027596056855e-14,1.33643285261956e-11,"up"
"39","SGPP2",212.872623186193,2.36669413663225,0.311787917306506,7.59071793762182,3.1813780698663e-14,1.45483742246035e-11,"up"
"40","MUC15",116.647472575651,2.26704282504444,0.299027719694532,7.58138017224729,3.41898130947806e-14,1.53092011009608e-11,"up"
"41","MMP12",46.4890655766617,2.23286555065857,0.296901169994905,7.52056837868604,5.45386201815975e-14,2.39224196645526e-11,"up"
"42","KLK6",338.989178174636,2.04252230159679,0.271947870890687,7.51071260424689,5.88063662748442e-14,2.52785046069045e-11,"up"
"43","PLAAT3",160.959714784329,2.46810177651028,0.331291045239568,7.44995016308246,9.33754978487795e-14,3.93513642208592e-11,"up"
"44","C1QTNF1",115.371344592337,1.9245339228809,0.259577654799678,7.41409704300665,1.22456232204439e-13,4.87398481253705e-11,"up"
"45","TMEM125",106.034880317619,1.80695525659562,0.244901381100916,7.37829753541091,1.60326362921908e-13,5.94119744531133e-11,"up"
"46","MARCO",74.1656517084923,2.15702619790625,0.292288574256682,7.37978281700466,1.58547948674432e-13,5.94119744531133e-11,"up"
"47","PDZK1IP1",429.29470171372,2.63808177947676,0.360639304435484,7.31501460609292,2.57353397353882e-13,9.06769929397866e-11,"up"
"48","C3",3782.4315910674,1.57134132551791,0.215959823567412,7.27608172465198,3.43655449324297e-13,1.19132041489147e-10,"up"
"49","P4HA1",1135.64975003569,-1.76873059291198,0.244555010763762,-7.23244470595026,4.743758116399e-13,1.61837449517085e-10,"down"
"50","CXADR",106.305858979478,1.62554717416173,0.229041410869896,7.09717586871269,1.2733198461281e-12,4.1465853716411e-10,"up"
"51","RBPMS",245.090996173488,1.85125352407147,0.261539487344772,7.07829453542926,1.45939295263458e-12,4.6231326061272e-10,"up"
"52","CCL22",263.766023986938,2.51322677120497,0.355178249664872,7.07595910947904,1.4841862458604e-12,4.6231326061272e-10,"up"
"53","TWIST2",92.8068464600699,2.37685043578674,0.336075386983596,7.07237283015537,1.52306543896987e-12,4.67646363996849e-10,"up"
"54","IRX6",90.7067060606809,2.9165892824142,0.414010280143347,7.04472671887364,1.85825849953275e-12,5.54715971256354e-10,"up"
"55","CLU",1958.63227388335,2.07048017278932,0.295029858165607,7.01786654972094,2.25281554569883e-12,6.54321142212228e-10,"up"
"56","DMKN",1116.60167238913,2.46237580124441,0.35120638284965,7.0111931943405,2.36294178445657e-12,6.68246154912173e-10,"up"
"57","MUC16",646.092839725269,1.86238294491887,0.267373030699325,6.96548541207663,3.27273335607895e-12,9.13517636652012e-10,"up"
"58","UCP2",804.376357718776,2.65891186301925,0.381891162450975,6.96248597625139,3.3431988686258e-12,9.21222734402236e-10,"up"
"59","WFDC12",76.2701950687947,3.10025763642978,0.448148188582907,6.91792963892842,4.58291797858583e-12,1.23125820142182e-09,"up"
"60","SPARC",2668.65800546413,2.82163219531569,0.409697036679967,6.88711887735666,5.69336447423133e-12,1.49228637371529e-09,"up"
"61","FUT2",205.169675571553,1.93280103420959,0.285538937680301,6.76895785181363,1.29713320589929e-11,3.27991576404628e-09,"up"
"62","CLIC3",1103.58217045164,1.65658672088978,0.245889988432678,6.73710520484787,1.615731974133e-11,3.99160084138396e-09,"up"
"63","JDP2",133.05637620076,1.97919989721146,0.293925958907067,6.73366824955137,1.65438153121922e-11,4.04063889210167e-09,"up"
"64","DEPTOR",1047.52815706373,1.52815559040636,0.227415451900126,6.71966472655287,1.82143168701526e-11,4.34978124989099e-09,"up"
"65","MAB21L4",195.884734983659,2.06001594842388,0.307467369333145,6.6999498284705,2.0849110971556e-11,4.92428507815003e-09,"up"
"66","CCL28",987.809436806785,2.04199674005923,0.305346164093648,6.68748122682477,2.27044325943947e-11,5.30419967121005e-09,"up"
"67","EN1",70.2587012876399,1.66842253947903,0.249617041257601,6.6839288338381,2.32619804399646e-11,5.37601876985118e-09,"up"
"68","SOCS1",168.57613416767,1.58313083715168,0.237947973573829,6.65326463333163,2.86662084180902e-11,6.55449805882991e-09,"up"
"69","CLIC5",23.8173575439812,3.44931836449026,0.519349863902084,6.64160829575298,3.10278647930121e-11,7.01980945259169e-09,"up"
"70","ATP13A5",48.0265278200397,4.54519233986834,0.684586153973827,6.63932846652652,3.15115476682171e-11,7.05497597951032e-09,"up"
"71","ERN2",100.188729526647,2.24275076569153,0.339091768287336,6.61399354227641,3.74088066224365e-11,8.28894310037142e-09,"up"
"72","FAM3D",61.3553809649487,2.32649181437477,0.352185981779327,6.60586149005927,3.95212273327216e-11,8.66765039859372e-09,"up"
"73","HLA-DMB",87.2789994681897,2.36927597272122,0.359356663037858,6.59310433454135,4.30723649103461e-11,9.35105392947544e-09,"up"
"74","TJP3",397.91540826905,1.64993904318944,0.251694301887794,6.55532934521889,5.55192077414147e-11,1.15478278831876e-08,"up"
"75","CLDN3",184.081334686613,2.53696664708677,0.387659708032521,6.54431346492666,5.97693140929732e-11,1.22344939790502e-08,"up"
"76","LINC02751",24.8991902696973,4.27911809467731,0.658492732326358,6.49835280574747,8.12041918480941e-11,1.6160386068436e-08,"up"
"77","NCCRP1",131.714792533705,3.08301986494786,0.475632413619924,6.48193810317454,9.05517908958644e-11,1.76929967429529e-08,"up"
"78","SERPINB11",64.026487169657,3.63281455384576,0.560936651978504,6.47633657211076,9.39762985258428e-11,1.81966899478914e-08,"up"
"79","CACNA1G",57.4930016852643,2.95963409861016,0.457484236589707,6.46936847632741,9.8413346606004e-11,1.88856969518111e-08,"up"
"80","MSMB",125.075985414201,2.08235548614611,0.322786857876703,6.45117803074104,1.1098402848515e-10,2.11095550816931e-08,"up"
"81","ALDH2",58.8834708744185,1.95782428463891,0.303983024839295,6.44057109989594,1.19024781581291e-10,2.2245214178493e-08,"up"
"82","ALDH1A1",954.96974227058,2.25771778255273,0.350720571451848,6.43736913750639,1.2156204864425e-10,2.23310522351355e-08,"up"
"83","TWIST1",415.152921065657,2.39608467408773,0.374016565170516,6.40635976375898,1.49035061658537e-10,2.71458523748045e-08,"up"
"84","LOX",321.88881905716,-1.89107044902094,0.295476501670876,-6.40007052448237,1.55305200136314e-10,2.8050207281763e-08,"down"
"85","POTEI",96.8557205484551,2.3660172432806,0.370187959342784,6.39139438106288,1.64379806132164e-10,2.94417931099883e-08,"up"
"86","LOC101927401",35.7329843131594,-3.08757924619325,0.483633127155991,-6.38413514878475,1.72368814229224e-10,3.03665813461369e-08,"down"
"87","VAV1",81.7148677675181,1.6615148112185,0.260794909296279,6.37096335853289,1.87844520572726e-10,3.28239209810537e-08,"up"
"88","GCNT3",520.423755611126,1.9594383008735,0.308049149374334,6.36079763522552,2.0070873032088e-10,3.45106619262933e-08,"up"
"89","ACTA2",163.136048296579,1.70079792632506,0.268772941917376,6.32801023120812,2.48342679058054e-10,4.23621365158313e-08,"up"
"90","CES1",302.506621575407,2.64913923134608,0.419875236741875,6.3093485862675,2.80212351798031e-10,4.74220793479928e-08,"up"
"91","SYBU",66.5560212310737,2.19780190056672,0.349239896278499,6.29310088562762,3.11185944577604e-10,5.22524961469254e-08,"up"
"92","KCNK12",42.5182800764788,3.18767449248577,0.508385231200318,6.27019491687346,3.60596419731265e-10,6.00798360409618e-08,"up"
"93","FOXI1",39.4646421712059,2.54311971776985,0.407554968070196,6.23994287153881,4.3773073070508e-10,7.07379443236412e-08,"up"
"94","RASIP1",396.103880581834,-2.52527979075935,0.406633007510253,-6.21021841345645,5.29110082695092e-10,8.48668881146688e-08,"down"
"95","HOXC6",179.414663247619,1.86222398032914,0.302054446636897,6.16519306722121,7.03971942734811e-10,1.08074778322852e-07,"up"
"96","HHLA2",43.3894101830715,2.13372904100199,0.346228479015526,6.1627773863926,7.14799643166061e-10,1.08958785323178e-07,"up"
"97","NPNT",50.9332341941047,2.40306283331955,0.390303433218565,6.15690928850699,7.41783075486294e-10,1.12275659446668e-07,"up"
"98","CRACR2B",187.334905032748,1.76496895758133,0.286881584070341,6.15225603728042,7.63884234311723e-10,1.14812334601831e-07,"up"
"99","ADH1C",31.9317370665665,2.85541974003009,0.465874061595086,6.12916660406794,8.834058286773e-10,1.30048229286036e-07,"up"
"100","BICDL2",1041.34956705014,2.0305380761958,0.331523395802545,6.12487113098101,9.07570318004847e-10,1.3180005976269e-07,"up"
"101","INSR",632.402683786475,1.51637387580541,0.250239092568061,6.05970018610494,1.36375504300231e-09,1.90332384021094e-07,"up"
"102","FBP1",23.4878561843516,2.90779445682333,0.481589166533111,6.03791500908566,1.56118250234914e-09,2.15092920019168e-07,"up"
"103","MFSD4A",91.3656955397773,2.35606399211108,0.390817711582239,6.02854968515238,1.65437539867509e-09,2.2504740787167e-07,"up"
"104","SNTB1",33.7747550647915,3.25169132937656,0.541439051205662,6.00564610575424,1.90571461904293e-09,2.54406983273849e-07,"up"
"105","HMGCS2",159.812741875392,2.4707808249968,0.411983435122719,5.99728196416642,2.00647497504252e-09,2.66204732336968e-07,"up"
"106","LIPH",316.952973647888,1.92861188720787,0.322538451048994,5.97947897664737,2.23852448654771e-09,2.93369553593719e-07,"up"
"107","LRRC26",32.1002474406191,2.73539648510578,0.459821678612882,5.94882018907307,2.70082134550149e-09,3.47597324424333e-07,"up"
"108","PGBD5",162.34557033184,1.7116048328661,0.288088901375507,5.94123836320626,2.82876938550424e-09,3.61897264301444e-07,"up"
"109","S100A7",4959.70441179386,2.43097318638229,0.40975379990848,5.93276544824052,2.97874245083651e-09,3.74398312841106e-07,"up"
"110","HLA-DQA1",79.1946316643848,2.92544591820552,0.494084330370587,5.92094453999643,3.20097802458443e-09,3.97679888337532e-07,"up"
"111","EEF1A1P16",575.975931906672,2.05974273586052,0.347873600429717,5.92095155630144,3.2008414462515e-09,3.97679888337532e-07,"up"
"112","RORC",54.244902469817,1.717097312128,0.291093545362986,5.8987818159514,3.661950853893e-09,4.46440951792901e-07,"up"
"113","TEX41",22.0969791750732,-3.1562472061151,0.53609408485377,-5.88748746775675,3.9211089375448e-09,4.68772281074961e-07,"down"
"114","NOVA1",59.7649865359979,2.37851362176265,0.404008486495691,5.88728628547763,3.9258833384587e-09,4.68772281074961e-07,"up"
"115","DSCAM",27.7179737224956,-2.83331791915438,0.481505752191131,-5.8842867530889,3.99774206262355e-09,4.72106978856967e-07,"down"
"116","ATP6V1B1",65.876012036609,1.772928501775,0.301436911010104,5.8815905982913,4.06342423514001e-09,4.74327830434534e-07,"up"
"117","SBSN",3287.21322225162,2.49745489911956,0.424573113524065,5.88227285140608,4.04670499477231e-09,4.74327830434534e-07,"up"
"118","KLK7",1810.50488260598,2.27049157506468,0.386814192627346,5.86972147956331,4.36527848056825e-09,5.01726900443066e-07,"up"
"119","GNG5B",19.5475146722021,2.87967983031855,0.490820200392036,5.86707683998834,4.43545155407089e-09,5.04397673289131e-07,"up"
"120","CA13",80.1670405132257,2.07936634030266,0.354378957975888,5.86763489621228,4.42055325701824e-09,5.04397673289131e-07,"up"
"121","KRT6B",13632.5889721651,1.74954204296012,0.298954266226878,5.85220630914957,4.85094356106168e-09,5.48743841883677e-07,"up"
"122","C1S",117.051108241578,1.50346526673087,0.256990316558165,5.8502798349236,4.90746660352808e-09,5.52231307380257e-07,"up"
"123","BNIPL",180.238013965181,1.58925456732638,0.271831448141529,5.84647059121335,5.0211228954146e-09,5.62078095787219e-07,"up"
"124","SELENBP1",104.761892719967,1.53397001491517,0.262440245034891,5.84502584468793,5.06489624375315e-09,5.64040492056924e-07,"up"
"125","EMB",82.0844557201777,-3.43503817361366,0.588649049421469,-5.83546032562128,5.36422602926453e-09,5.94295412613312e-07,"down"
"126","RPTN",104.569886210468,2.79890846209264,0.480174233081761,5.82894347355799,5.57793921293473e-09,6.10334349012233e-07,"up"
"127","CCL5",27.1934058010612,2.59224194104047,0.444969771257492,5.82565852443133,5.68878301275133e-09,6.17520269156891e-07,"up"
"128","ATP10A",18.9366059715224,3.27775641788914,0.563355341155208,5.81827521359401,5.94579487743961e-09,6.34855319918132e-07,"up"
"129","CD7",24.3694872567703,3.1005304803055,0.532948694783202,5.81769035304002,5.9666298154498e-09,6.34855319918132e-07,"up"
"130","RPS15P4",189.365217859312,1.53769129080974,0.265401166316519,5.79383772931834,6.87959328288925e-09,7.1778203120941e-07,"up"
"131","TENM1",898.604037139616,-2.26875926630839,0.391730830777443,-5.79162804675273,6.97073839010456e-09,7.20298462589025e-07,"down"
"132","ANKRD35",157.418454527252,2.91105627856901,0.503444183467339,5.78228207647545,7.36940023237935e-09,7.57849374136504e-07,"up"
"133","HLA-DOA",46.7689267677636,2.42060697824616,0.421260756740202,5.7461012912223,9.13246121228323e-09,9.14412924966807e-07,"up"
"134","EEF1A1P17",66.9567906702248,1.93595526527071,0.336950271947176,5.74552219258697,9.1637736748583e-09,9.14412924966807e-07,"up"
"135","LCE1F",48.650216943534,-3.20912197740452,0.561164723010688,-5.71868088961001,1.07354191126846e-08,1.05842368343546e-06,"down"
"136","SOD3",277.024614188426,1.61174149300089,0.282095590436202,5.71345865601326,1.10702778803514e-08,1.07662209268051e-06,"up"
"137","LAMP3",59.4270617480431,1.67391052266591,0.293027457300084,5.71246987599423,1.11348131584175e-08,1.07802044690931e-06,"up"
"138","A2ML1",298.070907836849,2.24668002995842,0.394166005439609,5.69983204780107,1.1992551983499e-08,1.15069607045242e-06,"up"
"139","PIANP",32.8461295983308,2.00768580878788,0.352684235668085,5.69258732243802,1.25128566485326e-08,1.19528367976405e-06,"up"
"140","FYN",219.404037670533,1.66812380721448,0.294061697377964,5.67270005610557,1.40564218613197e-08,1.33679059763426e-06,"up"
"141","PGLYRP3",330.908629966042,1.70004535079588,0.299962680785503,5.66752286099066,1.44876730490666e-08,1.3717337305885e-06,"up"
"142","SLC27A2",85.1148124895823,1.58152668013083,0.279247962369161,5.66352093212441,1.48298070642469e-08,1.39796948785903e-06,"up"
"143","LINC01133",31.1895193564836,2.10677097747577,0.37256261486378,5.65481047594124,1.56018332720432e-08,1.45795740224359e-06,"up"
"144","COL3A1",472.160961094786,2.36526388998771,0.419134268585858,5.643212849114,1.66905792428263e-08,1.5529464054808e-06,"up"
"145","SLIT3",24.1899053633135,1.95204904999915,0.348848217149864,5.59569736645824,2.19736712190339e-08,1.97606742891505e-06,"up"
"146","SAA2",154.867110284622,2.53170566361043,0.452920687880013,5.58973288559769,2.27419173353479e-08,2.0281826941437e-06,"up"
"147","PADI3",250.497587802497,-1.87315051827094,0.335998638708242,-5.57487531935346,2.4770721042817e-08,2.18927764391846e-06,"down"
"148","TENM4",52.7165210533203,1.7803271608984,0.319405470735329,5.57387810797283,2.49130079287075e-08,2.18927764391846e-06,"up"
"149","C15orf62",114.975817593917,1.73779282939558,0.312034364170316,5.56923540782531,2.5585960758333e-08,2.23544331129615e-06,"up"
"150","PRSS27",197.511500172996,1.9629050339002,0.354061762032897,5.54396222464098,2.95702655580926e-08,2.54221487056034e-06,"up"
"151","RPL24P4",114.072837187747,1.57275932595166,0.284458504829848,5.52895870310654,3.22137159141799e-08,2.72586376434437e-06,"up"
"152","ZNF350-AS1",22.2327798873635,-2.43155260058039,0.44203732609871,-5.50078569617762,3.7810254897456e-08,3.11362378739855e-06,"down"
"153","CPLX1",34.2019047219748,2.31755237129791,0.423049600287153,5.4782048481427,4.29662546525923e-08,3.48480645754025e-06,"up"
"154","HOXC8",104.490535169776,2.34351136311935,0.427917048912587,5.47655525545108,4.33685393580662e-08,3.50421058805608e-06,"up"
"155","GABRE",256.042949339494,4.33871232783442,0.7945840667429,5.46035656820976,4.75179253515186e-08,3.79666457093007e-06,"up"
"156","ISG15",1322.08202543084,1.63761725220188,0.301482024070417,5.43189020058914,5.57602301128608e-08,4.37704938114544e-06,"up"
"157","RPL19P6",78.0355455628539,2.07528970340007,0.382802066132698,5.42131270179892,5.91629638689876e-08,4.62345556336014e-06,"up"
"158","TRPV6",64.2394152503742,1.6488062971856,0.305210092021599,5.40220110765183,6.58280870464936e-08,5.03989486930557e-06,"up"
"159","PRRX1",132.490917294348,2.17012317165665,0.402301204489408,5.39427460678603,6.88009295827186e-08,5.24375311887011e-06,"up"
"160","PLA2G2F",206.526865329548,1.98023913757846,0.367921018637493,5.38223976687114,7.35646853799387e-08,5.58701690060432e-06,"up"
"161","BST2",184.414762968865,2.65033483362164,0.497001233809208,5.33265242282893,9.67884656794678e-08,7.19818163615502e-06,"up"
"162","CYP4F12",32.9105504848352,1.95965903210638,0.367913925912168,5.3264062436555,1.00174949766107e-07,7.3988322863331e-06,"up"
"163","NPY1R",30.2217545963436,3.1268526260445,0.587141506700682,5.32555200128022,1.00646916354719e-07,7.40823346990401e-06,"up"
"164","COBL",95.0795679339267,1.94663841694926,0.366629769509064,5.30954815686655,1.09897344343691e-07,7.84725455806959e-06,"up"
"165","IFI27",1693.32589423279,2.14402500350935,0.40372288079539,5.31063535285721,1.09243714961256e-07,7.84725455806959e-06,"up"
"166","SPOCK3",32.5375117064262,-1.71171262711841,0.323715221494538,-5.28771127664533,1.23856267346224e-07,8.67114903606642e-06,"down"
"167","CLDN8",45.4950232929256,2.52094214711108,0.477824665802145,5.27587277831098,1.32125730146433e-07,9.16057521947514e-06,"up"
"168","RPL31P38",83.0582827106731,2.1849286391673,0.415121188975817,5.26335127473964,1.41452941417211e-07,9.71325261942526e-06,"up"
"169","HSPA5P1",167.857076651704,2.21026165333619,0.421099306021424,5.24878958889507,1.53101821764158e-07,1.04464046196097e-05,"up"
"170","LRRC4",46.5381583783857,2.15339651403989,0.410876923611032,5.2409770184087,1.59728609773077e-07,1.08640728159897e-05,"up"
"171","TMEM163",17.7316411132597,2.37120692238261,0.452563374148876,5.23950248259059,1.61010080625623e-07,1.09166866337114e-05,"up"
"172","NUP210",120.939240228551,1.92731742404667,0.368088456702297,5.23601701969549,1.64078829178165e-07,1.10225564069531e-05,"up"
"173","HEY2-AS1",57.0083559008929,1.52353785914451,0.291211615138825,5.23172078290289,1.67939292240276e-07,1.12446081249852e-05,"up"
"174","CLIC2",65.1306228600239,1.66367891073562,0.318891036650448,5.21707642902258,1.81769271055909e-07,1.19839476773149e-05,"up"
"175","TAGLN",2157.22267648606,1.53646263326219,0.294954844645421,5.20914526801294,1.89712539908473e-07,1.23560352128873e-05,"up"
"176","ASIC1",195.17344553458,1.64152238696628,0.315468867152768,5.20343703574198,1.95636056310281e-07,1.26270443191498e-05,"up"
"177","STRA6",80.1334606269552,2.63579890350118,0.506493725045735,5.20401097419949,1.95032481510004e-07,1.26270443191498e-05,"up"
"178","FBN2",39.4259334392806,2.5301831771163,0.486853741962339,5.19700879142473,2.02520789117677e-07,1.30322734146893e-05,"up"
"179","SLC39A2",210.815071079389,2.29936411928084,0.443172632645862,5.18841631883496,2.12090029013244e-07,1.35668184332787e-05,"up"
"180","PIGR",480.494504442462,3.79703016215577,0.733067959233432,5.17964277981311,2.22311201140036e-07,1.40027099027107e-05,"up"
"181","SUSD2",32.6302799750059,2.61793299201689,0.506082818713832,5.17293394521899,2.30446497949553e-07,1.43982168035748e-05,"up"
"182","HPS1",270.993117150441,1.58293562764605,0.308457887412966,5.13177225235548,2.87026674650763e-07,1.76258980521967e-05,"up"
"183","HSPA6",298.218142805809,1.80096036177108,0.351904056598375,5.11775959385004,3.09186347553595e-07,1.87192737125899e-05,"up"
"184","CYP4B1",91.1039844102987,1.59287243347764,0.31160755187921,5.11179021134601,3.1912010598392e-07,1.91587945193083e-05,"up"
"185","ZNF467",39.3066305939632,1.81706854725732,0.355742620887751,5.10781795760894,3.25900399880533e-07,1.94571591517563e-05,"up"
"186","IFI6",2035.20223220494,1.96593383116156,0.385155724756233,5.10425707006123,3.32096578373816e-07,1.97175462955481e-05,"up"
"187","VAX2",20.9213705024046,2.20827430052032,0.433918946244147,5.0891400793498,3.59690848701592e-07,2.10649466243687e-05,"up"
"188","PLAAT4",186.277714756977,3.83110111370336,0.753504368940765,5.08437810266303,3.68832550274582e-07,2.15416250082924e-05,"up"
"189","CADM1",78.4628676720488,2.72453440575037,0.536912862142364,5.07444428669312,3.88630073166985e-07,2.23337597929893e-05,"up"
"190","CALML5",668.50487714394,2.1410225666374,0.423278333225454,5.05819078978705,4.23252861651755e-07,2.4194079136918e-05,"up"
"191","BCAS1",210.720585106806,3.25544513645935,0.643799530920645,5.05661309166224,4.26767833306053e-07,2.42659286805476e-05,"up"
"192","MGMT",32.9794341717362,2.69211771363519,0.534758798061636,5.03426539851878,4.79684723390393e-07,2.69187043337591e-05,"up"
"193","ITIH5",72.4002894228818,1.86956918467027,0.372467873632078,5.01941057745297,5.18302654977981e-07,2.84907390369354e-05,"up"
"194","S100A8",8720.72755015641,1.84297532471284,0.367381171421359,5.01652090003023,5.26155551269113e-07,2.88486256720078e-05,"up"
"195","LGALS9",112.690622850508,1.72940595614208,0.345261101422746,5.00898001256317,5.47192548903838e-07,2.96990137716924e-05,"up"
"196","C2",120.138221604614,1.85722388222275,0.370904413325197,5.00728439862049,5.52033314451152e-07,2.98862771473517e-05,"up"
"197","BNIP3",1766.36349722591,-1.52819502387202,0.305276278454766,-5.0059409516107,5.5589797743854e-07,2.9990245376345e-05,"down"
"198","PGK1",15788.9406491984,-1.60446622514173,0.320995106075293,-4.99841335514126,5.78039696750874e-07,3.0904993040464e-05,"down"
"199","HAS2",20.1266191535732,-2.34928610546497,0.471996605579292,-4.97733686576335,6.4465073119556e-07,3.40429438957891e-05,"down"
"200","PAGE4",22.2734930171468,2.0714811972265,0.416395101082265,4.97479723426729,6.53159718526487e-07,3.44077495840436e-05,"up"
"201","C5orf46",72.0419538208621,2.00185868546388,0.402513822851656,4.97339115283417,6.57917213901058e-07,3.45736300204778e-05,"up"
"202","CAP1P2",66.3835452747247,2.13647532851467,0.430857002639511,4.95866451148809,7.09794185439602e-07,3.71182638142418e-05,"up"
"203","SLC5A5",135.337022883373,1.81814785111345,0.367037722772408,4.95357217612438,7.2863313827274e-07,3.79294309495222e-05,"up"
"204","ALOX5",26.7012655449309,2.57817596976932,0.522061021185673,4.93845712501945,7.8743085915523e-07,4.05555166803725e-05,"up"
"205","PTGFR",23.0530327147658,-2.39647734306583,0.486010055200691,-4.93092132029293,8.18426953893856e-07,4.17825428029469e-05,"down"
"206","GRIA3",50.1529965431495,2.33624669290865,0.474885537651374,4.91959958280252,8.67214384638973e-07,4.40639214398238e-05,"up"
"207","MUCL1",372.07329050872,3.25344714498555,0.661839946559127,4.91576122278514,8.84381374774184e-07,4.47247267953448e-05,"up"
"208","MX1",1001.32603497107,1.57348609885952,0.320787794082049,4.90506848417388,9.33947476510618e-07,4.67909862765564e-05,"up"
"209","LMO2",85.5717074476317,1.60808695206532,0.327907868274305,4.90408162673336,9.38654530424919e-07,4.69174460986576e-05,"up"
"210","SLC9A4",30.0211178355809,2.0420929852712,0.417508806855636,4.89113750833358,1.0025489127128e-06,4.92905398456345e-05,"up"
"211","ROBO1",29.1859710551561,-2.63108342349271,0.537970360288484,-4.89075907840313,1.00447850241418e-06,4.92905398456345e-05,"down"
"212","SPINK5",1530.97866125445,2.04725834684398,0.418769118686441,4.88875195302281,1.01477261448839e-06,4.95693359163615e-05,"up"
"213","ADAMTS12",73.3809176151883,-2.47638810600835,0.506738933024647,-4.88691107909781,1.02430327849777e-06,4.98511764895775e-05,"down"
"214","KRT77",125.032366115221,1.77977820617779,0.364247400155999,4.88617957304719,1.02811433831037e-06,4.98809514070086e-05,"up"
"215","ID2",153.732242875418,1.96684730949529,0.40359485578403,4.87332105775844,1.09737665902759e-06,5.27649139429085e-05,"up"
"216","MMP7",2156.93130198944,1.95347130189718,0.401988466147207,4.85952077336921,1.17670235592237e-06,5.63270907257004e-05,"up"
"217","KLK8",96.8282772274405,1.85342427403913,0.381614318026656,4.85679961806273,1.19298211350767e-06,5.660212928393e-05,"up"
"218","TMPRSS2",135.165630969614,1.88557097225533,0.388414755340277,4.85452971683181,1.20672773987256e-06,5.71281923195616e-05,"up"
"219","LOC124905021",135.165630969614,1.88557097225533,0.388414755340277,4.85452971683181,1.20672773987256e-06,5.71281923195616e-05,"up"
"220","FAM83C",93.9313677250155,1.93104822306106,0.398321425176496,4.8479647365326,1.24734566001273e-06,5.86634579226555e-05,"up"
"221","OASL",230.787124422168,1.67852063188358,0.346895443956407,4.83869321758665,1.30695600146863e-06,6.07886491141597e-05,"up"
"222","DEFB126",13.163766003199,2.57016905583759,0.531212565106845,4.83830621612018,1.30950283998771e-06,6.07886491141597e-05,"up"
"223","TBX15",43.6771142390564,2.84638930955433,0.588460049619421,4.8370136790003,1.3180436079332e-06,6.10532570373025e-05,"up"
"224","EPS8L1",868.767167399575,1.71917253194214,0.355629624930542,4.83416569212398,1.33705190082204e-06,6.16679324128071e-05,"up"
"225","PROM1",202.982659993249,1.73896123726623,0.359804075552638,4.83307820956527,1.34437940652109e-06,6.18731190243207e-05,"up"
"226","SERPINB2",185.366564735069,1.94853636977255,0.404637060779613,4.81551631978127,1.46819763292283e-06,6.69978168246505e-05,"up"
"227","CRNN",18.2744287731563,3.12710648456791,0.650070387822525,4.81041213866465,1.50619401551454e-06,6.85860762191824e-05,"up"
"228","PIP5K1B",29.7498613567754,1.98327708107678,0.412356294438491,4.80962000053238,1.51217492710502e-06,6.87128450491929e-05,"up"
"229","TYMP",1383.3475237764,1.50249913324279,0.312941874090916,4.80120833176287,1.57711088767964e-06,7.10625666853217e-05,"up"
"230","RND1",58.7081277182865,2.24862894447415,0.469150284695134,4.79298215908655,1.64320242654173e-06,7.35360152130356e-05,"up"
"231","ST6GALNAC1",156.12095366062,1.62321390043033,0.338712220389138,4.79230982149231,1.64872032532578e-06,7.35360152130356e-05,"up"
"232","KCNN2",9.54932922387809,3.30507543212736,0.690708099822832,4.78505382081825,1.70941520440391e-06,7.52878298939614e-05,"up"
"233","PSMD2P1",28.8920219102887,1.99683712282564,0.418498433282044,4.77143273193542,1.82920072436042e-06,7.9585042851576e-05,"up"
"234","LCN2",4808.81013660099,3.04334562962288,0.63901371182479,4.76256702056078,1.9114568303101e-06,8.26308085004104e-05,"up"
"235","BRINP3",169.42522622851,2.34805964296115,0.493212625888818,4.7607452034094,1.92879433707773e-06,8.30773079896024e-05,"up"
"236","PPM1H",64.7004393555878,2.1389859680855,0.44974712609321,4.75597473332647,1.97491171232089e-06,8.4555333531699e-05,"up"
"237","PTPRZ1",36.0125051702837,2.40536672722226,0.506409071053089,4.74984921225886,2.03568380453671e-06,8.67191157900266e-05,"up"
"238","FOLR1",251.728469482129,1.64080219227099,0.345485616766497,4.74926339228747,2.04158900989873e-06,8.67191157900266e-05,"up"
"239","ATP13A4",87.0061165293391,4.86665896162299,1.02513142907303,4.74735124063422,2.06097867951246e-06,8.73700488338487e-05,"up"
"240","ROBO2",18.758058168712,3.70073063578632,0.781266766649046,4.73683355514946,2.17083312432755e-06,9.13066855991624e-05,"up"
"241","IFFO1",60.85062014925,1.7313359105005,0.366048842458491,4.72979479697941,2.24746886865995e-06,9.36140472754038e-05,"up"
"242","C6orf15",236.605827672986,1.8451520463392,0.390441207697779,4.72581277273233,2.29196753830516e-06,9.52828980672976e-05,"up"
"243","MGST1",1069.57364368295,1.79337279320359,0.380301370893149,4.71566218389327,2.40925890249002e-06,9.90099456811051e-05,"up"
"244","SMPDL3B",19.235193406506,2.31690731272347,0.494244598320254,4.68777467795852,2.76191864650666e-06,0.000111792688266229,"up"
"245","SOBP",39.383320669807,1.84577362932452,0.395174850513338,4.67077706723196,3.00062452952148e-06,0.00011965199074769,"up"
"246","ADM2",17.979232520961,3.39405022914522,0.726782161345648,4.66996909068473,3.01245058485682e-06,0.000119901111889496,"up"
"247","PALM",43.1997083482513,1.95011563983179,0.419434202387014,4.64939584977481,3.32908737312211e-06,0.000129502348936176,"up"
"248","NXF3",12.6241007495264,2.42347298605073,0.521760396813569,4.6448005652615,3.40405130751849e-06,0.000131352378370727,"up"
"249","CNTFR",10.9661203212679,3.93658449543219,0.847824061599985,4.6431620352968,3.43117044948626e-06,0.000131925127854755,"up"
"250","CHST6",18.8564265682279,3.19320601924631,0.692523115803855,4.61097391029288,4.00786841459648e-06,0.000151656894075567,"up"
"251","BEND5",21.0593916466144,3.25291102232214,0.705619511678731,4.61000719011182,4.02655044729768e-06,0.00015182920835749,"up"
"252","FAM3B",29.0992290020579,1.9200554185721,0.416470637279099,4.61030201580663,4.02084406308859e-06,0.00015182920835749,"up"
"253","SLC25A23",131.33069811344,1.71174333296079,0.372216309824794,4.59878647920218,4.24959049197255e-06,0.000158845997293854,"up"
"254","IDO1",45.0275768662978,5.03494564966655,1.09645367764167,4.59202769103395,4.38960106854837e-06,0.0001637946107054,"up"
"255","GBP5",135.330274932794,1.74106258808995,0.380418439519561,4.5767039849298,4.72359105620658e-06,0.000174602228165797,"up"
"256","NCKAP1L",55.7418145009392,2.35430951353289,0.514604964097495,4.57498407086266,4.76256220927785e-06,0.000175346875089141,"up"
"257","SOX21",37.1648418241609,2.05659681033123,0.449904417191148,4.57118608252619,4.84971381143742e-06,0.000178179314443119,"up"
"258","GRIK2",95.9786848781546,-4.04480790441977,0.885440202471092,-4.56813220489819,4.92089629159194e-06,0.000179566763998617,"down"
"259","ACSL5",73.8031059376356,2.02860861477765,0.446800555266487,4.54030012019058,5.61742102961644e-06,0.000201898378243388,"up"
"260","SLC15A1",73.1230705410514,3.87992114614058,0.854819400015138,4.53887820757446,5.65542873250692e-06,0.000202586882912952,"up"
"261","PTPRG",35.4788448829198,1.96697845488499,0.434363811692315,4.52841236294867,5.94285194041632e-06,0.000211473040985708,"up"
"262","MYL7",46.72041237796,1.79801911033855,0.397529837665285,4.52297900680467,6.09752900209004e-06,0.000216618497259374,"up"
"263","S100P",2636.32597081246,2.6406471319033,0.585078023570571,4.51332476271824,6.38191827836817e-06,0.00022597457917128,"up"
"264","GABRB3",9.51643438099835,3.09135779594673,0.685886733348809,4.50709664677916,6.57207033213231e-06,0.000231563127292655,"up"
"265","EIF5AL1",108.322803435999,1.54320575404869,0.342694633249981,4.50315121486887,6.69532088960372e-06,0.000235519692111707,"up"
"266","BASP1",64.3941238686787,2.12953493482744,0.473202877003427,4.50025779283676,6.78711003983176e-06,0.000237582013169551,"up"
"267","LAMA4",132.725495027794,1.54954088403558,0.344493393021342,4.49802787346804,6.85867070135044e-06,0.000239307482766437,"up"
"268","RTP4",80.5974371322309,2.61845620707926,0.583131345911004,4.4903369119843,7.11106048076955e-06,0.000246613164570129,"up"
"269","WFDC21P",105.031477214513,2.42447709863388,0.540025029326349,4.48956431085847,7.13689984472249e-06,0.000246613164570129,"up"
"270","FMO2",134.177437716483,3.23764910887663,0.72376127192224,4.473366059333,7.69977960205998e-06,0.00026478618077932,"up"
"271","LOXL2",888.260109172615,-1.92774779695659,0.432315843131644,-4.45911901583856,8.22972164782574e-06,0.000280319187601773,"down"
"272","LRRN3",8.88299962173383,3.38991093961893,0.761145177879094,4.45369824067572,8.44037042626813e-06,0.00028636524166909,"up"
"273","CES5A",25.5068021890973,3.31302657091249,0.744164123045441,4.45201060937224,8.50699617527946e-06,0.000287938376055561,"up"
"274","GREM2",16.4118419649057,2.51469049729283,0.56518032073202,4.44935962037002,8.6126701343155e-06,0.00029059987315046,"up"
"275","RENBP",71.7581692353232,1.75449379885646,0.394488364849593,4.44751722785386,8.68684939931021e-06,0.000292643345046041,"up"
"276","H2AC25",109.18416899526,1.86424333707184,0.419504462687226,4.44391777176822,8.83353771549046e-06,0.000296655040810994,"up"
"277","IGF1",26.2725483532317,2.62181783294097,0.593489446270774,4.4176317698913,9.97882357878362e-06,0.000330469730629887,"up"
"278","HRH2",11.1942765323066,-2.69338708399674,0.61027950051689,-4.41336646850421,1.01775501436893e-05,0.000335500130733611,"down"
"279","HLA-DRB6",13.3749783918912,2.70049505351178,0.613359697724811,4.40279180964931,1.06866706280261e-05,0.000349602148870876,"up"
"280","NTS",29.9070396703189,1.73157268610992,0.394066385585962,4.39411416311275,1.11225357256178e-05,0.000362207061137429,"up"
"281","SLC5A1",98.6939512673502,1.89869607576951,0.433022118915405,4.38475540354658,1.16116175311647e-05,0.00037360553233132,"up"
"282","MYBPC1",38.0175390553691,1.90535954731847,0.434805409789507,4.38209715063314,1.17542370978552e-05,0.000377333892386212,"up"
"283","KRT23",581.730856543059,3.15813687465165,0.72212832283448,4.37337350549471,1.22341145064363e-05,0.000390130301315781,"up"
"284","SMO",18.5065303347308,2.30166938262961,0.527877605784327,4.36023304911706,1.29923996651659e-05,0.000412475104879483,"up"
"285","SPI1",210.132298314206,2.82320300516632,0.648903822237356,4.35072642264951,1.35687260193389e-05,0.000426112191243252,"up"
"286","IL18R1",43.5495233594977,1.71539320700956,0.396112382894288,4.33057203229962,1.48722484396729e-05,0.000459926957861713,"up"
"287","STEAP3-AS1",29.1553343033792,-1.65801356953118,0.383212271331509,-4.32661919664066,1.51415398129607e-05,0.000466911212625487,"down"
"288","ASPN",190.994747045919,4.1494935734976,0.959349011274709,4.3253221973764,1.52309078016152e-05,0.00046813635802183,"up"
"289","HPSE",49.0827774640331,1.54744645121896,0.357993538579278,4.32255413703864,1.54233221389718e-05,0.000471343305684912,"up"
"290","WNT5A",15.013530183496,2.78737331755995,0.646286294867741,4.31290797854589,1.6112119150336e-05,0.000489112281754285,"up"
"291","ZG16B",204.815874692848,1.59799511133075,0.37128521503422,4.30395568318945,1.67775238287984e-05,0.000505749396426879,"up"
"292","GABARAP",170.407328119507,1.8868374234654,0.439577973108601,4.29238392024534,1.76764966287598e-05,0.000529875790853465,"up"
"293","H3-5",18.2674712518087,2.6112311993578,0.609192183810935,4.28638329372952,1.81605539480241e-05,0.000541365861310517,"up"
"294","ROPN1",23.9949519343698,1.93619833475192,0.452868892653631,4.27540589817633,1.90789375172847e-05,0.000566386193451657,"up"
"295","TMC5",52.2965029199994,1.66742937645835,0.39115261012445,4.26286143387318,2.01825680340705e-05,0.000595857053236644,"up"
"296","SELENOP",76.7823923397889,2.08644678541686,0.491302877596255,4.24676280266257,2.16881353470162e-05,0.000635072333805747,"up"
"297","EBF1",38.2641862350215,2.27573876082514,0.536400454380613,4.24261154560907,2.20933666465762e-05,0.000643431882567564,"up"
"298","LINC00367",30.2008094466801,2.17673705102769,0.513975366169169,4.23509995673847,2.28450063320617e-05,0.000662628503502026,"up"
"299","NRG2",34.8741155311406,1.55920572478561,0.369693113566518,4.2175676732076,2.46951717863653e-05,0.000706755429033755,"up"
"300","CMPK2",62.9409805055289,2.4885087879325,0.590145124083077,4.21677429225389,2.4782179982237e-05,0.000708302386114655,"up"
"301","TMEM273",27.6308198176921,3.36915470616465,0.799793556269263,4.21253044583217,2.52525663997811e-05,0.000715750247131188,"up"
"302","HCAR3",55.48907635291,-1.57190024606324,0.373167153831765,-4.21232209191676,2.52758776146918e-05,0.000715750247131188,"down"
"303","NUPR1",231.660236239728,1.81080274353658,0.429870602033317,4.21243680068226,2.52630411480338e-05,0.000715750247131188,"up"
"304","CST2",8.30585989429381,5.18187815076542,1.23005471615341,4.21272166409802,2.52311903667814e-05,0.000715750247131188,"up"
"305","CEACAM5",575.508843390162,3.09875401927894,0.735948278145423,4.21055950709981,2.54739011612264e-05,0.000718517792202413,"up"
"306","DOCK3",63.5092866307146,1.66265378049009,0.394934637880197,4.20994671273797,2.55430926583396e-05,0.000719525151383609,"up"
"307","MLIP",30.957192971067,2.05894957261076,0.489378880211835,4.2072710038478,2.58473105764919e-05,0.000726191171530118,"up"
"308","PLAAT2",17.9801071488455,2.83972360394547,0.676270473802092,4.19909446582833,2.67984511968287e-05,0.000747054619420804,"up"
"309","LOC100505664",39.902256630461,2.45370564896279,0.58450745278303,4.19790310162838,2.69397848185731e-05,0.000750021755318123,"up"
"310","TLCD4",43.9459007700961,1.50058900399742,0.358095039277386,4.19047693881914,2.78368707405148e-05,0.000770010119467033,"up"
"311","CST4",7.00477787208469,4.91952550556352,1.17394439229282,4.19059500421077,2.7822388737473e-05,0.000770010119467033,"up"
"312","GRM6",46.5340487315362,2.08582387146577,0.497865178146238,4.18953556710307,2.79525968670783e-05,0.000770237390338608,"up"
"313","ADH7",45.3993642704902,1.63047419351436,0.389418079604803,4.1869504239994,2.82727549817669e-05,0.000777066908980968,"up"
"314","NINJ2",33.0099306475794,1.75001289266931,0.41810773203433,4.18555496248421,2.84470222135816e-05,0.000779862051577181,"up"
"315","HOPX",102.078277991842,1.63705799348808,0.39155901483646,4.18087167312907,2.90393725055137e-05,0.000793066370090223,"up"
"316","SMKR1",25.2404858119186,1.56426968167355,0.374871933561202,4.17281087653943,3.00864671434452e-05,0.000815445697747879,"up"
"317","KCNE3",20.8479836329172,2.45614878013727,0.591088362529582,4.15529882812461,3.24862671822768e-05,0.000872784175685843,"up"
"318","CYP4F8",10.833792638318,3.12321758291436,0.752205406081036,4.15208074505369,3.29465967385548e-05,0.00088279818519454,"up"
"319","SNX22",22.5648627329194,1.55263774512251,0.374128769275478,4.15000896116404,3.32462258577569e-05,0.000888757627314388,"up"
"320","THRB",26.4470043748303,1.70772121847474,0.41159497611197,4.14903319424914,3.33882398690459e-05,0.000891445266466339,"up"
"321","CCDC13-AS2",50.9746432083736,2.65520743507304,0.641379644504749,4.13983739244375,3.47552090684962e-05,0.000926791201624303,"up"
"322","CXCL17",147.338265438554,1.67951069726904,0.40632446186918,4.1334225597517,3.57400754389346e-05,0.000947178102847127,"up"
"323","LINC03066",57.4250171804594,1.82913200430983,0.443157409407361,4.1274995418805,3.66729162169874e-05,0.000968318167385394,"up"
"324","LOC100421402",37.0444557474028,1.98940230442012,0.482430670454363,4.12370611210614,3.72824534479744e-05,0.000978549663767545,"up"
"325","HPSE2",9.07799723134806,3.03367238813758,0.735779527850738,4.1230725690332,3.73851853145164e-05,0.000979902180445002,"up"
"326","HOXD9",19.9654633904819,2.31137235155016,0.562576455948206,4.10854796199108,3.98154525213776e-05,0.00103039650908284,"up"
"327","ISLR",3.93976328012527,5.59784986803867,1.36262604934248,4.10813360770539,3.98869350745322e-05,0.00103039650908284,"up"
"328","NGFR",105.630738762028,-1.59348647271842,0.388234514711807,-4.10444309388952,4.05290015807679e-05,0.00104447221939502,"down"
"329","LOC101928894",27.5620137957978,1.64837744640722,0.402437843004646,4.09598022417635,4.20385818004084e-05,0.00107053938227035,"up"
"330","CEACAM7",45.3751400943974,4.43815823866216,1.08399718950666,4.09425253277825,4.23532498131939e-05,0.00107727621092897,"up"
"331","RN7SL356P",17.4675915024671,-1.76509154983136,0.431316947734236,-4.09233061465268,4.27059179130081e-05,0.00108496252210908,"down"
"332","GATM",32.916526382026,2.00836867454262,0.491237971787205,4.08838239282653,4.34391678089928e-05,0.00109866352563232,"up"
"333","S100A12",100.653456397459,1.84036782068862,0.450936838069822,4.08120975116179,4.48019006081473e-05,0.00113019630254802,"up"
"334","TCIM",34.1657669881771,2.3015631296349,0.56460042239626,4.07644599319758,4.57292704295971e-05,0.00114820001091511,"up"
"335","GOLGA6L6",8.93104192950013,2.82547566873723,0.693680903346816,4.07316340280539,4.6378861090543e-05,0.00116179587577977,"up"
"336","ADA2",24.9633085835372,1.85969235243829,0.45675240768637,4.0715545690462,4.67004186540224e-05,0.00116730401848616,"up"
"337","C2CD4B",25.9728422251304,1.61619904746386,0.398092706634723,4.05985595949849,4.91029978535805e-05,0.00121306980789311,"up"
"338","SCNN1B",40.0011206595003,2.25802473519261,0.55640340154812,4.05825113381757,4.94415838662023e-05,0.00121863298398657,"up"
"339","PCDH19",24.6196172825418,2.35930365195125,0.581507753314336,4.05721787629532,4.96607503609761e-05,0.00122263288374394,"up"
"340","APOBR",25.8642402730318,1.60014729667631,0.394550589438934,4.05562008905318,5.00014744634477e-05,0.00122680558292566,"up"
"341","THNSL2",42.7339770254279,1.89828447613095,0.468114384344029,4.05517228185805,5.0097365040276e-05,0.00122775674664841,"up"
"342","ZNF503-AS1",9.00214587950338,4.27705155108644,1.05516068271538,4.05345993377973,5.04656463645034e-05,0.0012353737327019,"up"
"343","CFB",60.6940927197031,1.83501880622894,0.453242053994973,4.04865080381375,5.1513737102483e-05,0.00125816449039053,"up"
"344","AOC1",135.014464635377,3.99434805049316,0.991418882816836,4.02892069106486,5.60335162989381e-05,0.00134411647970209,"up"
"345","CHAC1",68.3588456758048,2.18582443061476,0.542910702280237,4.02612146239565,5.6704406216976e-05,0.00135869320269952,"up"
"346","FAM110B",12.2760709707123,2.45184820876032,0.610320564670341,4.01731213183791,5.88657311832902e-05,0.00140109247865823,"up"
"347","LEFTY1",35.9265123694902,2.20870603777385,0.552983038290584,3.99416597767907,6.49223743436365e-05,0.00152001807382111,"up"
"348","PCSK5",18.8650602573063,1.95085620906487,0.489588817904834,3.98468293743603,6.7570285346207e-05,0.00157514982965947,"up"
"349","HOXD8",32.1061625819068,2.18857736611996,0.549546271095347,3.98251699853722,6.81892459948915e-05,0.00158271216432851,"up"
"350","MACROH2A2",19.3027430967728,1.90412864739754,0.480138861167155,3.96578740318759,7.31540454682872e-05,0.00168160417032074,"up"
"351","OBSCN",237.223767581533,-1.61624823746782,0.407694674795493,-3.96435945178475,7.3593290600569e-05,0.00168629547612016,"down"
"352","GYG2",17.9067668770694,1.82626551303877,0.460671100137814,3.96435876375234,7.35935028428191e-05,0.00168629547612016,"up"
"353","ZNF423",19.724241272059,2.41248837440932,0.609640346193199,3.95723214428591,7.58232354877325e-05,0.00173000934218454,"up"
"354","CEACAM6",816.356092997421,3.00437343091834,0.75980002698635,3.95416336431943,7.68029220330183e-05,0.0017467991568843,"up"
"355","INPP5D",150.067693003577,-1.73181042395435,0.439870454168284,-3.93709194955796,8.24750107303469e-05,0.00185968147110684,"down"
"356","RUNX1T1",29.3276622485607,2.47820808149035,0.629524110670558,3.93663727803945,8.263135927544e-05,0.00185968147110684,"up"
"357","RSAD2",120.332551472506,3.39369617622575,0.862324567540781,3.93552068904178,8.30165118588391e-05,0.00186628036983249,"up"
"358","PGLYRP4",310.710585054215,1.67049252406076,0.424698326114941,3.93336262787307,8.37657198559922e-05,0.00187930753326184,"up"
"359","LINC00243",20.9540371410387,-1.60097089435418,0.407066347771932,-3.93294828500823,8.39102953635323e-05,0.00188058808993577,"down"
"360","CCDC33",15.6246934915485,2.75813499109662,0.701435687314834,3.93212812090447,8.41971685960595e-05,0.00188309026496889,"up"
"361","BTC",24.216692667446,2.31041098490796,0.588325144032406,3.92709883020179,8.59766590719168e-05,0.00191293616297382,"up"
"362","GABRP",2865.2329001426,1.65337077126645,0.422132055138542,3.91671457104535,8.97639219930513e-05,0.00198966500053703,"up"
"363","CYP27A1",40.431053060136,1.60836261802929,0.410744085524405,3.9157292209719,9.01313636389932e-05,0.00199299732375811,"up"
"364","EEF1A1P10",44.311651516337,1.759903897109,0.45043311836607,3.90713698738004,9.33962082597561e-05,0.00206094938822068,"up"
"365","KCNK15",14.045207568654,2.241641325108,0.576198514519104,3.89039761232095,0.000100080098670758,0.00217494596636057,"up"
"366","GOLGA6L1",5.60656633816309,3.98283965447964,1.02564363225815,3.88325879400299,0.000103065769344677,0.002228563964311,"up"
"367","LOC124900581",5.60656633816309,3.98283965447964,1.02564363225815,3.88325879400299,0.000103065769344677,0.002228563964311,"up"
"368","LOC124905482",5.60656633816309,3.98283965447964,1.02564363225815,3.88325879400299,0.000103065769344677,0.002228563964311,"up"
"369","LOC124907501",5.60656633816309,3.98283965447964,1.02564363225815,3.88325879400299,0.000103065769344677,0.002228563964311,"up"
"370","PPP1R9A",49.4734342247953,1.87392168148366,0.483632625603191,3.87468004075716,0.000106764884787757,0.00229240526347977,"up"
"371","SHC4",86.4089189207393,1.95958604422262,0.506448334614944,3.86927137535659,0.000109161087810517,0.00232989003010073,"up"
"372","TMEM47",12.335489452102,2.66936947509395,0.689946448666129,3.86895168495269,0.000109304296797252,0.00233063219351521,"up"
"373","PRKG1",24.4378415586896,1.69976456318626,0.439399726453701,3.86837874685241,0.000109561394588816,0.00233379886412034,"up"
"374","CFTR",60.291046460296,2.15716599484572,0.559299994119592,3.85690330328246,0.000114832562055288,0.00240789878658958,"up"
"375","RHBG",22.9912908533548,1.92328314074345,0.49922371488685,3.85254763223612,0.000116895228116783,0.00243499783736753,"up"
"376","WNK2",48.5920899703757,1.98247537251758,0.514572099473927,3.8526678273936,0.000116837842854895,0.00243499783736753,"up"
"377","SOX21-AS1",11.623913813425,2.17710263941604,0.56548802900831,3.84995354054443,0.000118140232061034,0.00245569439815069,"up"
"378","STEAP4",58.9086773713853,2.02163564987302,0.525764535643155,3.84513506107824,0.000120486056988479,0.00249721005096757,"up"
"379","SFRP2",346.093618972919,2.87595560062869,0.748187699425963,3.84389586040405,0.0001210964097437,0.0025026203217513,"up"
"380","AQP5",70.5483235763491,3.36315832074212,0.875378618829972,3.84194707112827,0.000122062161657768,0.00252015565851144,"up"
"381","IL34",16.6766456864462,2.17963701022479,0.569438653283761,3.8276941645172,0.00012934933850494,0.00264017600426084,"up"
"382","TAC1",7.65220856035891,3.37453205044705,0.884089569214926,3.81695720428378,0.000135107593626563,0.00272919878742078,"up"
"383","SLC6A8",5276.7976901161,-1.52480806576761,0.399472618421507,-3.81705277271018,0.000135055291193663,0.00272919878742078,"down"
"384","BMP3",12.6177041854423,2.32211870320854,0.610467173118115,3.80383877375049,0.000142470925998825,0.00285114302839176,"up"
"385","TCHHL1",33.8526375965447,2.08643022834399,0.548843647445601,3.80150200891373,0.00014382157249062,0.00287015511377986,"up"
"386","AQP5-AS1",7.41996033255724,3.63720955021288,0.95689221062778,3.801065062309,0.000144075461392187,0.00287086983021111,"up"
"387","CT45A10",16.1435664320408,2.23791507836549,0.590705234841832,3.78854790234713,0.000151530378190807,0.0029961751779715,"up"
"388","PRSS33",19.5413741767954,2.72868083203137,0.720836207643922,3.78543808301495,0.000153438035540833,0.00302554467695332,"up"
"389","COL22A1",54.921490768376,3.46149214430542,0.916704542205393,3.77601722794764,0.000159355973912674,0.00311650404668345,"up"
"390","SERPIND1",17.1147527215277,-1.78121024881775,0.472080857714743,-3.77310416152068,0.000161228935046639,0.00314454945640419,"down"
"391","TEX13D",93.5392756381802,3.68834729697162,0.977884364252077,3.77176221627453,0.000162098692473695,0.00315578550483436,"up"
"392","CXCL13",5.87039688456073,3.61489120776142,0.959278939518787,3.76834209408871,0.000164335389010926,0.00319354477035429,"up"
"393","HNRNPA3P3",93.1668400837349,1.96777555520403,0.522550705073551,3.76571218084389,0.000166075017988689,0.00322135687840362,"up"
"394","DCAF4L1",242.432628142299,2.86166799260715,0.760175427916852,3.76448368036459,0.000166893566876433,0.00322575848280142,"up"
"395","C2CD4A",47.7596032368751,1.52516833771362,0.405703459007497,3.75931805325188,0.000170377131177271,0.00328128645196513,"up"
"396","MUC3A",23.1060835146055,2.26481946209139,0.602868977057761,3.75673578883525,0.000172144074464909,0.00330938514532584,"up"
"397","ENOX1",7.86505986333308,2.59759410271702,0.692229489590306,3.75250425152271,0.000175076861882243,0.003349769689712,"up"
"398","CACNA1C",29.8981288277596,1.82804889027011,0.487235505944795,3.7518794668409,0.000175513847090561,0.00335317254712661,"up"
"399","CACNA1C-IT2",29.8981288277596,1.82804889027011,0.487235505944795,3.7518794668409,0.000175513847090561,0.00335317254712661,"up"
"400","CEACAM1",151.744743736345,1.51838881052457,0.40601517579976,3.73973413070997,0.000184214995063675,0.00347920289007342,"up"
"401","DCAF8L1",13.4976852578878,2.64438625547557,0.709440722048812,3.72742383301423,0.000193446995391932,0.00361858683373263,"up"
"402","CCDC8",25.6235905585837,-1.538486213514,0.412792985173924,-3.72701637084697,0.000193759877747384,0.0036212878716735,"down"
"403","FETUB",15.335170553688,2.3908734099309,0.642634603241553,3.72042432491332,0.000198888332356167,0.00368454548839615,"up"
"404","PIP",122.256675993776,4.16149211580014,1.12074987239776,3.71313191131303,0.000204710118461906,0.00377184136958451,"up"
"405","CNGA1",17.9078026409313,1.5472830226384,0.417360068285397,3.70730968344662,0.000209472728082895,0.00384474581100398,"up"
"406","CSDC2",10.1558163457327,2.48664154558923,0.674359313028985,3.68741336783815,0.000226545183112514,0.00410897520728882,"up"
"407","IFIT3",452.735467808708,1.60600336085882,0.436084522584745,3.68278000636155,0.000230704242783,0.0041668288152395,"up"
"408","TAMALIN",17.8454359626467,1.59715473097922,0.433976691516378,3.68027767896594,0.000232980109942908,0.004183326234756,"up"
"409","BPIFB1",17.7801725585866,2.06235375674488,0.560685322247113,3.67827313274295,0.000234818426028534,0.00420229178237409,"up"
"410","ENHO",5.36268462228532,3.91831874221613,1.06755262480849,3.67037525941079,0.000242194642185541,0.00430918000372007,"up"
"411","PIEZO2",23.2192387218531,2.05903694067107,0.561873874140037,3.66458921732654,0.000247735873801019,0.00438598610840634,"up"
"412","IGHE",7.74728190446558,2.9455563377073,0.807375137787972,3.64831191827069,0.000263969041537143,0.00460510276766056,"up"
"413","RBM39P1",37.2820970071704,2.31997030775236,0.63635324876948,3.6457271369927,0.00026663678381404,0.00463658931595077,"up"
"414","MAL",5.25375700982464,3.41954525239087,0.941788579841404,3.63090541293962,0.000282428684984382,0.00485230993314894,"up"
"415","KLK13",138.112801052403,1.53429429137915,0.423161484747492,3.62578908213892,0.000288080421590561,0.00492578560162763,"up"
"416","ZEB2",252.721389697454,2.37209483852139,0.655132727644589,3.62078513013665,0.000293710367608134,0.00499819234441933,"up"
"417","DNASE1L3",52.6925682622823,1.69762831042095,0.469017067994884,3.61954484445215,0.00029512166466277,0.00501426872616357,"up"
"418","CPXM2",52.2505853793215,2.10357424185057,0.581929554055999,3.6148262743984,0.000300549092082721,0.0050903874201213,"up"
"419","IL6",29.7011690491116,1.82896767171339,0.506071577780992,3.61404937960158,0.000301451610206439,0.00509373169443961,"up"
"420","GPR35",15.5807676107719,1.75082771427759,0.484937209801682,3.61042147084073,0.000305699849160696,0.0051482822828875,"up"
"421","PACSIN1",7.64781133585815,2.4155683826241,0.670395443515625,3.60319928482301,0.000314324350578801,0.00523985270886445,"up"
"422","ALPP",89.8969807215786,1.82895695110869,0.508802737363732,3.59462875649039,0.000324854461103971,0.00535847807560064,"up"
"423","ACTA1",12.1128988773914,2.77163231204052,0.771194290762669,3.5939481726447,0.000325704651567809,0.00536838196023536,"up"
"424","ADORA1",17.5146278511204,1.83146820707249,0.509810359068464,3.59244996594222,0.000327583565897376,0.00537872695327143,"up"
"425","NECTIN3",46.8821653220599,-1.63669538518266,0.456299117706617,-3.58689140888279,0.000334643600542967,0.00546430172585473,"down"
"426","EDAR",26.9502600796671,1.74097742476467,0.485542452377782,3.58563379214076,0.000336260553428758,0.0054728469212808,"up"
"427","ORM2",13.6382341697474,3.21257998459454,0.898877437557508,3.57399112533515,0.000351580850565481,0.00566781688638584,"up"
"428","TMEM176A",28.2643065215497,2.12026340588508,0.59346868077357,3.572662677197,0.0003533698270637,0.00568775052966968,"up"
"429","EDNRB",25.2291960846133,-2.19740973101684,0.61557008535659,-3.56971494114097,0.000357369893073128,0.00574057063400687,"down"
"430","SERPING1",31.5590704135894,1.61303476054388,0.453098417647863,3.56000969704885,0.000370841099723017,0.00588227878697182,"up"
"431","F13B",6.64456088394024,4.24947249027649,1.1944258357585,3.55775332637371,0.000374040313933106,0.00590832707788709,"up"
"432","GRIN1",21.4424781277581,1.6394208214555,0.460774710398472,3.55796614800702,0.000373737464607635,0.00590832707788709,"up"
"433","HOXB4",27.2449127540794,1.85746794339432,0.522236125175879,3.55675881818548,0.000375458561607591,0.00591936222220598,"up"
"434","APOBEC3A",179.847462336456,3.33398081667326,0.937401605214399,3.55661948745087,0.000375657659288557,0.00591936222220598,"up"
"435","APOBEC3A_B",179.847462336456,3.33398081667326,0.937401605214399,3.55661948745087,0.000375657659288557,0.00591936222220598,"up"
"436","SLAIN1",12.6281960812783,2.32455417868271,0.655437882433379,3.54656671666973,0.000390285905671481,0.0060883583959113,"up"
"437","TTC28",22.5111706118569,1.6713785446168,0.471256711113701,3.54664136382674,0.000390175348114957,0.0060883583959113,"up"
"438","RBBP4P2",22.7594631217478,1.87720511427676,0.529537160548339,3.54499221987159,0.000392624674924796,0.00610613758188035,"up"
"439","KRT27",6.80591465571572,2.74202295186362,0.77404582528528,3.54245557858674,0.00039642018331599,0.00613762098871928,"up"
"440","GBP4",68.72215910228,1.90144838801139,0.538132246267603,3.53342213033975,0.000410216912887118,0.00631120075135271,"up"
"441","SLC16A9",36.0172490416636,1.65490264701078,0.468381800476551,3.53323430869221,0.000410508474870474,0.00631120075135271,"up"
"442","ABI3BP",21.7236310711025,1.50033104213258,0.426291770979879,3.5194933242176,0.00043237191714691,0.00658142324025392,"up"
"443","MUC21",13.216690002641,2.47689094034908,0.704836876142365,3.5141335877676,0.000441190876669856,0.00668724648255657,"up"
"444","TMEM132D-AS1",26.0883045172,2.43407728088408,0.695798386936238,3.49825082464173,0.000468320470992725,0.00698372364897835,"up"
"445","DIRAS2",10.1804968588753,2.27689054907336,0.654472690957345,3.47896952849597,0.000503345817410902,0.00739467645496412,"up"
"446","FUT6",25.2254150814706,2.54577994326161,0.732078647307533,3.47746782756822,0.000506173792107473,0.00742100498892627,"up"
"447","PINCR",6.2426440717785,2.79918181060923,0.805459531638957,3.47526064396237,0.00051035721314952,0.00746705757809573,"up"
"448","RASGRP1",25.8957242988002,1.83980035770452,0.529526835929126,3.47442326407564,0.000511952771124775,0.00748013153088696,"up"
"449","RPL5P29",8.68182634330866,1.97163620086615,0.567663899313995,3.47324570621597,0.000514204378238722,0.0074978254419843,"up"
"450","ARHGAP15",6.76355589360315,4.25380007483914,1.22652406541172,3.46817497903004,0.000524005970572215,0.00762522703148857,"up"
"451","PNMA5",1269.46073193223,2.67192764772485,0.771628061726238,3.46271446083412,0.00053475556196161,0.00775539898329344,"up"
"452","OMD",5.3816939772873,3.90177112563497,1.1331437340422,3.44331527273807,0.000574629007534493,0.00815753055412078,"up"
"453","ALPG",31.3039628523598,2.07068642633702,0.601954329161808,3.4399394206872,0.000581844406094198,0.00822534211880322,"up"
"454","EPB41L3",24.5247542500619,2.17304916948647,0.631731983392202,3.4398276905625,0.000582084649081082,0.00822534211880322,"up"
"455","CTSW",7.41181266734405,2.4966759297295,0.727091524714392,3.43378494297567,0.000595216233505547,0.00837237075048084,"up"
"456","ALOX12B",14.1069308281375,1.62603644316568,0.475286868630194,3.4211684573824,0.000623526974704245,0.00868533069819724,"up"
"457","GAS2L3",59.3539315859967,-1.50945062674131,0.44134749484987,-3.42009560347628,0.000625991317100456,0.00870836982423307,"down"
"458","LOC105374811",25.9718462137288,1.77941112791642,0.521533464165617,3.4118829378729,0.000645158126558942,0.00894028601813754,"up"
"459","CELF2",156.229459588904,1.60941733712461,0.471953801117163,3.41011627264142,0.000649351895655711,0.0089752542079281,"up"
"460","SPRR2E",79.2946991923652,3.2213591874509,0.945824719923697,3.40587332895124,0.000659527721601346,0.00909251399639366,"up"
"461","SEC63P1",7.61102870548707,2.22971678980417,0.657069612648745,3.39342551669046,0.000690243266440625,0.00940139323549325,"up"
"462","PRKCB",10.4000884436952,1.97119031069314,0.582541141950857,3.3837787046111,0.000714956032305688,0.00967057898196737,"up"
"463","PLA2G4E",46.2049168074335,1.56088415189549,0.461350760609863,3.38329159755181,0.000716225423771083,0.00967769937384268,"up"
"464","LINC02481",14.6078214967654,1.6331320060149,0.483183435885377,3.37994203593171,0.000725011182941981,0.00976969614731786,"up"
"465","CSF2RB",9.57869094423656,2.61180135972399,0.773180365374793,3.37799752384807,0.000730157381354308,0.00981442939177495,"up"
"466","KRT13",2667.52819097101,1.9409800141254,0.574734163795686,3.37717876610413,0.000732334378224712,0.00983139462285056,"up"
"467","GDA",35.399302671499,2.10819089948546,0.62443005981719,3.37618419603736,0.000734986952820284,0.00984855023501644,"up"
"468","SAGE1",24.5890149409143,1.7204309267762,0.510712696748383,3.36868642140656,0.000755273024553743,0.0100889267350737,"up"
"469","SYCP2",29.3052255660276,1.70824385973952,0.507539022122806,3.36573895854296,0.000763389141026225,0.0101647904185792,"up"
"470","CECR2",32.0813181476125,1.57462750843214,0.468275734101856,3.3626075274907,0.000772100496858713,0.0102626814959705,"up"
"471","ETV7",39.0033958374304,1.51716534403436,0.451218333324177,3.36237522278235,0.00077275041065537,0.0102649719259678,"up"
"472","FOXD4",13.9943656008768,1.57292032350496,0.468192192052055,3.3595612020161,0.000780663577010334,0.010363682681089,"up"
"473","RPSAP53",10.7894752722815,1.93764562582547,0.576986277557546,3.35821786616444,0.000784467569651987,0.0104077539966235,"up"
"474","TNFRSF18",9.55974630873693,2.27873265970881,0.679384092416228,3.3541154188708,0.000796191446918554,0.0105328806226208,"up"
"475","ATP12A",106.577996582089,2.62773469560452,0.783928925877782,3.35200629656852,0.000802281940690392,0.0105723149915749,"up"
"476","KRT6C",1797.93046286765,2.28997058294433,0.683671730426753,3.34951773055603,0.000809523743452459,0.0106293762324815,"up"
"477","CCN4",11.5248411656499,-1.85926930215862,0.555468094253997,-3.34721169657034,0.000816288472583853,0.010708576255755,"down"
"478","ACKR2",33.9855262225386,1.57097880879504,0.473932591506523,3.31477268486909,0.000917176754029107,0.0117478426545576,"up"
"479","SPANXC",8.23028888524376,-2.46916572281232,0.745145369869017,-3.3136698188789,0.000920801721868155,0.0117656455295419,"down"
"480","VMO1",7.58822522297537,2.38364618714518,0.719370354782368,3.31351739934613,0.00092130374662537,0.0117656455295419,"up"
"481","PRKD1",19.7520004670114,2.02924537313527,0.612659360918078,3.31219190072346,0.000925680251351545,0.0118145164146667,"up"
"482","CCDC181",26.0160439304507,-1.58465121319587,0.478464511795243,-3.31195140732613,0.000926476369231196,0.0118176597055704,"down"
"483","CNDP1",11.1172684873024,1.92514588947074,0.584550192505395,3.29337995975935,0.000989906012729314,0.0124203443850503,"up"
"484","LINC00393",5.9963977623931,4.69653354618755,1.4270246192063,3.29113701542145,0.000997832995287162,0.0124979164147477,"up"
"485","FLG2",9.48573798314962,3.06986191560588,0.93403108569838,3.28668067113691,0.00101375719779953,0.0126537649944259,"up"
"486","PLAAT1",12.7674661311838,2.242088467198,0.682518422895422,3.28502263380155,0.00101974179528147,0.0127130570800375,"up"
"487","HLA-K",7.71548190509091,-2.40262261757143,0.733113049060759,-3.27728802624587,0.00104809394531517,0.0129668731369844,"down"
"488","CYP2C18",6.4533338851448,2.62970029892441,0.804257633293528,3.26972376768808,0.00107652553937389,0.0132215790958646,"up"
"489","ALOX15",28.7200707997442,1.69244911978775,0.517708743771293,3.26911442031857,0.00107884665208954,0.0132425191852431,"up"
"490","RBM20",22.0107870847826,1.97499767436788,0.607019366925746,3.25359911392987,0.00113952965513285,0.013790490359105,"up"
"491","LHX8",6.42284203500224,-4.45290368693748,1.36891990013167,-3.25285919688156,0.0011425009474453,0.0138034853974934,"down"
"492","ODAPH",45.8980032311015,1.85762828682006,0.571157641132853,3.25239155189376,0.0011443825658434,0.0138034853974934,"up"
"493","TMEM176B",42.1370841345437,1.86321017358248,0.57315690327652,3.2507855404536,0.00115086635222072,0.0138730064544475,"up"
"494","GNA14",17.9782629788837,2.37150184170395,0.733165135460633,3.23460803985719,0.0012180982544037,0.014488425999944,"up"
"495","PCAT19",58.7066392304001,1.59796967052496,0.494399206426449,3.23214448921792,0.00122864913095399,0.0146058383692445,"up"
"496","PLAC4",16.6432011456437,2.00222595668145,0.619957939202375,3.22961580144852,0.00123956670385983,0.0146949846475783,"up"
"497","MEGF11",14.7410825406431,1.67347545122563,0.518405125355433,3.22812288956103,0.00124605431692316,0.014739375582625,"up"
"498","LINGO1",11.3668017632261,1.72828080112921,0.536292942052835,3.22264319667093,0.00127013661041976,0.0149420066599627,"up"
"499","TUBA3C",86.6617465288506,-3.13229298521751,0.975706214200187,-3.21028291060454,0.00132604389718179,0.0154143127826777,"down"
"500","EMX2",8.25346384479743,2.22919043612649,0.694567053801847,3.20946757253253,0.00132981045753309,0.0154328381013816,"up"
"501","CAP1P1",9.12464040819197,2.14532586582969,0.669838449026737,3.20275115432207,0.00136121547745205,0.0156897604407606,"up"
"502","C11orf96",74.6990162965766,1.79811064141757,0.562236073663721,3.19814171598858,0.00138316289387559,0.0158635646094279,"up"
"503","ITM2A",4.49965924776391,3.61436274533849,1.13490288130115,3.18473307706706,0.00144887581675434,0.0164244134649267,"up"
"504","NEK10",25.3394941678215,1.65401710814102,0.519590477825054,3.183309122724,0.00145602077713334,0.0164765144047068,"up"
"505","XAF1",12.0711406563828,2.62936052201973,0.827302132701501,3.1782349133245,0.00148174644187354,0.0167089067550829,"up"
"506","SLC44A4",11.1704444404228,2.00192265149547,0.632557801018599,3.16480588536225,0.00155186446029254,0.0172195265075206,"up"
"507","LINC02904",11.0562517159562,2.47966702654936,0.783488072129547,3.16490718207048,0.0015513243035258,0.0172195265075206,"up"
"508","SNORD17",23.3938302941189,-1.55226258239095,0.490636686674482,-3.16377194072488,0.001557387803871,0.0172718968362226,"down"
"509","SERPINB12",16.9308702137338,1.73883632898317,0.550895614267793,3.15638078058453,0.00159740173966971,0.0176609853861734,"up"
"510","SLC5A9",3.85413655704584,4.02920638295509,1.27742149684278,3.15417142494744,0.00160954510565898,0.0177587027494499,"up"
"511","CPEB1",19.452606402184,1.86219833598644,0.591107130610754,3.15035674508332,0.00163071206957147,0.0178806416515105,"up"
"512","CAPN6",10.0410654068236,2.02340767696029,0.642424122683976,3.14964461251349,0.00163469182666374,0.0179064371024016,"up"
"513","GPM6B",130.392606522529,2.39975459614569,0.76316220495886,3.14448826285239,0.00166377585322343,0.0181336381406344,"up"
"514","L3MBTL4",44.4854029774662,1.57923600083208,0.503448953116092,3.13683441202413,0.00170782551353139,0.0185385322031971,"up"
"515","NKAIN4",17.319795829929,1.51538516312315,0.483349643050607,3.13517385377378,0.00171752291366203,0.0186050054949941,"up"
"516","PNLIPRP3",39.5406739723276,3.24555167743578,1.03940192010859,3.12251845474434,0.00179310863375162,0.019221587962705,"up"
"517","RARRES2",12.0160456982719,1.60248558088007,0.514417796572108,3.11514413295662,0.00183855047608333,0.0195720482330158,"up"
"518","RYR2",21.4332003205282,1.64370087368749,0.528304697189544,3.1112743884951,0.00186281758457642,0.0197781527194317,"up"
"519","ENO2",1490.10722689449,-1.81029453203808,0.583315947696764,-3.10345455012172,0.00191275611679781,0.0201622693567118,"down"
"520","SLAMF9",80.8104676712195,-1.51913383671112,0.489839990391615,-3.10128586172928,0.0019268217959372,0.0202410463636746,"down"
"521","LINC02159",6.84966370863573,2.57310507727429,0.830255847047775,3.09917128126678,0.00194062793513861,0.0202967962092137,"up"
"522","GFRA1",13.2964346291254,5.27669459665888,1.70523303345054,3.09441260704497,0.0019720302296347,0.0205651847285486,"up"
"523","IGDCC4",17.4153851357866,1.84857572245537,0.597434911641286,3.09418764527323,0.00197352622609652,0.0205708046447587,"up"
"524","RPL31P11",4.95510737105823,2.68918479241068,0.870861621044125,3.08795878406775,0.00201536420322386,0.0209662259534803,"up"
"525","CCL17",13.4779993591987,1.54942766079636,0.502157249461817,3.08554275071594,0.00203181013165908,0.0210456362215656,"up"
"526","BMP8A",14.7417750704126,1.54965524796369,0.50412309527057,3.07396201939918,0.00211236323102751,0.0215537101942877,"up"
"527","LOC105374468",4.71201818997001,3.2620213167565,1.06120682649887,3.0738789416937,0.00211295153674984,0.0215537101942877,"up"
"528","ELN",10.1396440740182,-1.7525808367941,0.569985268925241,-3.07478268710129,0.00210655982796091,0.0215537101942877,"down"
"529","CRISP2",4.7360262183918,2.89976985498309,0.944029705923542,3.07169344014048,0.00212848199998178,0.0216300064423681,"up"
"530","BBOX1",70.0322538687506,1.53433747704931,0.499617978230036,3.07102134812064,0.00213327897708936,0.0216582735260187,"up"
"531","VNN1",15.9132721374473,1.85080208067798,0.60286512648075,3.07001018865052,0.00214051468648687,0.0217112232924315,"up"
"532","HYAL1",13.6798164722839,1.56193844946127,0.510181440227979,3.0615352231616,0.00220205081764376,0.0222409202178652,"up"
"533","PLBD1-AS1",5.67983364449999,2.64247855738912,0.863791247436798,3.05916338609632,0.00221956063546571,0.0223967214732697,"up"
"534","ORM1",4.86210897877983,2.94067753826952,0.964850230184579,3.04780726196952,0.00230517726286371,0.0230872203684668,"up"
"535","FFAR2",29.3797253725897,1.7020858073321,0.559036791430899,3.04467583068277,0.00232931227833266,0.0232855389759088,"up"
"536","RNF144A",9.36758134146577,1.91502768916777,0.631399796719163,3.03298749717453,0.002421456324048,0.0239920441376602,"up"
"537","RASSF2",13.8008293426775,1.87109067960926,0.616899778361637,3.03305454992788,0.00242091833654237,0.0239920441376602,"up"
"538","RCAN2",6.03954935006647,2.34747242563638,0.775864268321785,3.0256225495653,0.00248121831645858,0.0244083682671517,"up"
"539","TLK2P1",14.440059652883,1.84734728912178,0.610843045397481,3.02425852768725,0.00249243351113028,0.0244946837927403,"up"
"540","UNC5A",13.6293318076257,1.77215985524326,0.58641737058056,3.02201118887185,0.00251101266552955,0.0246434681370897,"up"
"541","MMP16",10.5856282052118,2.08998781704445,0.691867080048484,3.02079384510966,0.00252112948248636,0.0246761672317483,"up"
"542","KCNK13",19.2103272291089,1.88018568096768,0.622575350892257,3.02001304464279,0.00252763798890956,0.0247051038179323,"up"
"543","CACNA1E",8.09211875075249,2.09629627037121,0.694483156800676,3.01849836074983,0.00254030776052707,0.0247900454899183,"up"
"544","TMEM200A",42.8491018922348,-3.1190554532344,1.03726166385932,-3.00700928406955,0.0026383170514868,0.025451233567148,"down"
"545","SAP30-DT",16.9589741239995,-1.51044781434911,0.502749311050065,-3.00437570206575,0.00266126474577836,0.0256265964072644,"down"
"546","HLA-DQB2",8.83184901308928,1.67630711076151,0.560446707882505,2.99101964055598,0.00278047609325799,0.0265132088165013,"up"
"547","LINC01681",5.5506055825661,2.62105835873374,0.878496402545903,2.98357324075301,0.00284903839791712,0.0269754988045958,"up"
"548","SPRR2D",366.229864662855,2.43091453284867,0.816391482042306,2.97763338584503,0.00290483216530352,0.0273351828935502,"up"
"549","TLR10",4.31849272551218,2.74998319343721,0.924417507232578,2.97482811816256,0.00293152755081646,0.0274901054318054,"up"
"550","LINC01554",5.58216926778617,3.15847314307869,1.06303925248073,2.97117264081078,0.00296664960823468,0.027698609917371,"up"
"551","LOC102724434",4.18039648514985,-3.18146530959397,1.07142860608194,-2.96936752624902,0.00298413449444624,0.0278350267233925,"down"
"552","PCED1CP",7.81847767385983,2.99339479404744,1.00892512284836,2.96691471572896,0.00300804384323523,0.0280160771525956,"up"
"553","HGF",7.85953496664971,2.28844304770217,0.772615426832049,2.96194324916014,0.00305704124302518,0.0283577848236255,"up"
"554","LOC102723670",15.1100496331831,1.63517019278232,0.5540851581391,2.95111711397225,0.00316626837656653,0.0291622017210378,"up"
"555","SLC22A31",3.43063483799002,3.21259396533809,1.08924198202134,2.94938500201432,0.00318407046335429,0.0292833660542891,"up"
"556","ST8SIA2",4.39262197132185,3.16808958853712,1.07756796282973,2.94003691443983,0.00328173146639803,0.0300018096160327,"up"
"557","ADAMTS14",4.43513105152057,2.52700841778809,0.860732445043713,2.93588144880463,0.0033260140666497,0.0303035270599839,"up"
"558","LOC102723341",5.53188319160912,2.40906394130182,0.820801419906154,2.93501434436756,0.00333532268929441,0.0303368982484151,"up"
"559","JAKMIP2",9.1339373186654,2.70934610224429,0.9232151770732,2.93468540111475,0.00333886019560161,0.0303433920440023,"up"
"560","GSTM5",4.3105632432518,2.75206415497881,0.938127323283941,2.93357211401234,0.0033508580223488,0.0304158428864234,"up"
"561","SCO2",15.2896532764996,1.59968398672489,0.546732944248851,2.92589646106413,0.00343465227396695,0.030958296004435,"up"
"562","BISPR",16.543714875682,2.09837990041003,0.717338232787163,2.92523081093411,0.00344200824004288,0.030992493968681,"up"
"563","ANKK1",23.015945915248,1.66173404365882,0.568265342719446,2.9242220468814,0.0034531832247943,0.0310670854125173,"up"
"564","COL20A1",13.4960859748983,1.89417201115473,0.648717966066382,2.91986982053293,0.00350177630678976,0.0314384620559033,"up"
"565","GFRA3",19.4467065371056,1.69027631624339,0.579654215893449,2.91600797492361,0.00354541438386908,0.0317110242831869,"up"
"566","GK",29.1012948999357,1.72151163233216,0.59173723321459,2.90925014635316,0.00362296848443539,0.0322036648618569,"up"
"567","LINC01310",4.22584553065702,3.5511370897302,1.22283621105165,2.90401695471236,0.00368408208738233,0.0326821421193108,"up"
"568","CLDN19",7.07604399505249,-2.52838060271188,0.872981071877505,-2.89626050800178,0.00377638765901167,0.0334016049198098,"down"
"569","NDRG1",21816.1448318737,-2.18663981654396,0.756707235070244,-2.88967742767912,0.00385637315183344,0.0338582631341324,"down"
"570","COL14A1",52.4453578788788,1.61360856805485,0.558441851309624,2.88948359488229,0.00385875140631785,0.0338593488965123,"up"
"571","ADAMTS10",3.88464681648304,2.94665763110334,1.02061125320797,2.88714985440486,0.00388749029399972,0.0340486358517512,"up"
"572","VN1R54P",13.2831652010406,1.58229019345365,0.550056206034397,2.87659729332224,0.00401988249808021,0.0350504399721046,"up"
"573","SLIT1",7.83704308829547,2.01851268373655,0.702700633198547,2.8725072788802,0.00407228697720136,0.0354068220068725,"up"
"574","IYD",8.69607649709375,2.18976661891326,0.765462178684787,2.8607117110289,0.0042269122545313,0.0362960547689338,"up"
"575","LINC00867",7.78920740116343,2.13441535602173,0.746655330247139,2.8586353964891,0.00425467495097,0.0364325612435053,"up"
"576","UPK1B",315.868112200389,2.28392309256186,0.798994298901566,2.85849735811849,0.00425652653125159,0.0364339007312587,"up"
"577","SMPX",17.2938375987301,1.90134263512714,0.666029701903149,2.85474150731437,0.00430718698907768,0.0367796463870665,"up"
"578","GAB4",11.2292601024655,1.67992610341102,0.589098098922573,2.85169160532602,0.00434872686329626,0.0370218144817664,"up"
"579","IFIT1",589.111781750378,1.87774436493037,0.658961796253191,2.84954966373938,0.00437811699579576,0.0372079353857802,"up"
"580","RHBDL3",11.3404822645211,1.89651647093868,0.666349392813865,2.84612920997805,0.00442542340958392,0.037525946025727,"up"
"581","CSNK1A1L",20.0527286299366,1.54694373723265,0.543680133735543,2.84531959371741,0.00443668835286259,0.0375594342939969,"up"
"582","FAM225B",7.83990420803028,-1.81544181400521,0.639558582618295,-2.83858564851551,0.00453139565733184,0.0382333786386383,"down"
"583","TRIM22",103.996029156666,2.02466575005176,0.716148991021798,2.82715716343184,0.00469632726457011,0.0393367739272819,"up"
"584","LINC01269",10.1412122310226,2.01616995429398,0.715076758414871,2.81951543043193,0.0048096218498086,0.0399587175948729,"up"
"585","SMANTIS",9.92675019636029,1.54176968509686,0.547703983648936,2.81496890861596,0.00487819531702531,0.0403499983529199,"up"
"586","CALHM5",20.1930085868969,1.55587155466894,0.554420798049564,2.80630084611264,0.0050113879720397,0.0412523024446761,"up"
"587","KLK14",396.530823842587,1.73969964988495,0.620018473762523,2.80588357202931,0.00501788194970496,0.0412899451550569,"up"
"588","BRD7P2",10.3720252705927,2.05881267852889,0.735767478272463,2.79818385471841,0.00513908509210019,0.042029815785582,"up"
"589","LRFN5",11.9498759074306,-1.66110482827947,0.59387995661615,-2.7970380373573,0.00515734611755129,0.0421262295235244,"down"
"590","ATP10B",8.90738543902675,2.0078714573492,0.718636686599104,2.79400077228357,0.00520603543433574,0.0423998937439099,"up"
"591","RHCG",75.9151050810601,2.17155470151491,0.779382983088847,2.78624854357047,0.00533219701734021,0.0430360159570759,"up"
"592","GGT5",8.45300999343706,1.79642844124295,0.646847223760428,2.77720669619552,0.00548282997178313,0.0439256304085556,"up"
"593","EEF1A1P24",8.46301307983418,1.79319000595299,0.646529099160703,2.77356426536847,0.00554458878049719,0.0442821173320366,"up"
"594","PTGES3L",9.76862845172383,1.6862593354256,0.608566008457423,2.7708733514379,0.00559061670513012,0.0445033795716154,"up"
"595","SPRR2B",4.38713778967009,3.12424427013533,1.13164304368153,2.76080367177563,0.00576593262104592,0.0455279903835929,"up"
"596","PDZRN3",4.86798683936529,2.37364086103967,0.860649314847933,2.75796520149332,0.00581623891442966,0.0457885795615995,"up"
"597","TCL1A",16.9025554871874,1.61900482720315,0.587331624402352,2.75654291364031,0.00584159468279372,0.0459360423068601,"up"
"598","LOC105369850",8.91275788199099,1.61875417014844,0.587890565592319,2.75349574374865,0.00589625368800143,0.0462680469208524,"up"
"599","DCDC2C",4.61702008854032,-3.37412811207839,1.22700665497216,-2.74988574707849,0.00596160472874279,0.0464816472731128,"down"
"600","TNS1",808.39899910467,-1.96574696086574,0.718308683497741,-2.73663260103401,0.00620715733248538,0.0478152933910397,"down"
"601","EEF1A1P8",8.07367949066793,2.0479135822829,0.749036332584904,2.73406441476024,0.00625578048942251,0.0481081655708419,"up"
"602","NDP",17.7533718310004,1.94345679992905,0.710800335648908,2.73418103855398,0.00625356505519247,0.0481081655708419,"up"
"603","LOC100507403",3.52452141210271,2.80373629680309,1.02806399293147,2.72720017049559,0.00638742776493383,0.0488558665308622,"up"
"604","TNNC1",6.63001135675667,1.70530174095343,0.625993419433535,2.72415282335806,0.00644666685636746,0.0492388808613738,"up"
"605","ZMYND15",9.04377391600779,2.383010548371,0.875017075692396,2.72338747959329,0.00646162224956207,0.0493180564665617,"up"
